{"cameraMode":{"drawMode":0,"name":"Shaded","section":"Shading Mode"},"sceneLighting":true,"audioPlay":false,"sceneViewState":{"m_AlwaysRefresh":false,"showFog":true,"showSkybox":true,"showFlares":true,"showImageEffects":true,"showParticleSystems":true,"showVisualEffectGraphs":true,"m_FxEnabled":true},"in2DMode":false,"pivot":{"x":-0.14768975973129273,"y":2.8758692741394045,"z":-1.9488840103149415},"rotation":{"x":-0.0723109319806099,"y":0.9142064452171326,"z":-0.1879943162202835,"w":-0.35164403915405276},"size":16.958812713623048,"orthographic":false}